{
  "tailwind.config.ts": 1775009506.0,
  "eslint.config.js": 1775010796.0,
  "vite.config.ts": 1775129438.0,
  "vitest.config.ts": 1775010698.0,
  "tests/path-utils.test.ts": 1775010724.0,
  "tests/style-utils.test.ts": 1775010724.0,
  "tests/filename.test.ts": 1775010724.0,
  "tests/vectordrawable-converter.test.ts": 1775010724.0,
  "src/code.ts": 1775354573.1892219,
  "src/vite-env.d.ts": 1775047888.0,
  "src/ui/App.tsx": 1775356687.816054,
  "src/ui/main.tsx": 1775291805.1761003,
  "src/ui/types.ts": 1775316508.0467546,
  "src/ui/utils/export-files.ts": 1775354034.719166,
  "src/ui/components/icon-list.tsx": 1775390955.361649,
  "src/ui/components/dev-tools.tsx": 1775293159.2278974,
  "src/ui/components/preview-panel.tsx": 1775010016.0,
  "src/ui/components/result-drawer.tsx": 1775356019.2270763,
  "src/ui/components/header-bar.tsx": 1775317154.2530026,
  "src/ui/components/export-settings.tsx": 1775316999.404248,
  "src/ui/hooks/use-plugin-bridge.ts": 1775118616.0,
  "src/core/style-utils.ts": 1775010696.0,
  "src/core/vectordrawable-converter.ts": 1775010180.0,
  "src/core/path-utils.ts": 1775009858.0,
  "src/core/types.ts": 1775009732.0,
  "src/core/optimize-xml.ts": 1775009858.0,
  "src/core/validate-output.ts": 1775009858.0,
  "src/core/parse-svg.ts": 1775009732.0,
  "src/core/normalize-svg.ts": 1775009858.0,
  "src/shared/filename.ts": 1775009732.0,
  "src/shared/messages.ts": 1775009732.0,
  "src/shared/types.ts": 1775354268.4611742,
  "src/components/ui/tabs.tsx": 1775009588.0,
  "src/components/ui/progress.tsx": 1775009588.0,
  "src/components/ui/sheet.tsx": 1775009588.0,
  "src/components/ui/scroll-area.tsx": 1775009588.0,
  "src/components/ui/label.tsx": 1775009588.0,
  "src/components/ui/tooltip.tsx": 1775009588.0,
  "src/components/ui/switch.tsx": 1775009588.0,
  "src/components/ui/separator.tsx": 1775009588.0,
  "src/components/ui/button.tsx": 1775009588.0,
  "src/components/ui/checkbox.tsx": 1775009588.0,
  "src/components/ui/input.tsx": 1775009588.0,
  "src/figma/scan-selection.ts": 1775010696.0,
  "src/figma/apply-selection.ts": 1775010180.0,
  "src/figma/export-svg.ts": 1775354612.0505836,
  "src/lib/utils.ts": 1775009732.0,
  "README.md": 1775290729.4020023,
  "README.zh-CN.md": 1775290757.5267262,
  "CLAUDE.md": 1775287818.8146262,
  "docs/architecture.md": 1775287852.331613,
  "docs/conventions.md": 1775287866.4823794,
  "docs/testing.md": 1775287877.909283,
  "docs/build.md": 1775287891.9727774,
  "tests/fixtures/basic-icon.svg": 1775010724.0,
  "tests/fixtures/clipped-icon.svg": 1775010724.0,
  "tests/fixtures/fill-alpha-icon.svg": 1775010724.0
}